operator,ip,location
ASXN,64.31.48.111,Japan
ASXN,64.31.51.137,Japan
B-Harvest,180.189.55.18,South Korea
B-Harvest,180.189.55.19,South Korea
Nansen x HypurrCollective,46.105.222.166,France
Nansen x HypurrCollective,91.134.41.52,France
Hypurrscan,13.230.78.76,Japan
Hypurrscan,54.248.41.39,Japan
Infinite Field,52.68.71.160,Japan
Infinite Field,13.114.116.44,Japan
LiquidSpirit x Rekt Gang,199.254.199.190,Japan
LiquidSpirit x Rekt Gang,199.254.199.247,Japan
Imperator.co,23.81.40.69,Japan
Imperator.co,157.90.207.92,Germany
Enigma,148.251.76.7,Germany
Enigma,109.123.230.189,Japan
TMNT,31.223.196.172,Japan
TMNT,31.223.196.238,Japan
HyperStake,91.134.71.237,France
HyperStake,57.129.140.247,United Kingdom
ValiDAO,160.202.131.51,Germany
ValiDAO,72.46.87.141,Singapore
Hyperbeat x P2P.org x Hypio,199.254.199.12,Japan
Hyperbeat x P2P.org x Hypio,199.254.199.54,Japan
Luganodes,45.250.255.111,Japan
Luganodes,109.94.99.131,Japan
HypurrCorea: SKYGG x DeSpread,8.220.222.129,South Korea
HypurrCorea: SKYGG x DeSpread,8.220.213.65,South Korea
Purrposeful x HyBridge x PiP,144.168.36.162,Japan
Purrposeful x HyBridge x PiP,181.41.140.106,Japan
